{
  "f201": {
    "Agriculture": 810968.0,
    "Animals": 197084.0,
    "Biology": 146833.0,
    "Environment": 483333.0,
    "Food": 153623.0,
    "Human": 100464.0,
    "Viticulture": 91277.0
  },
  "f202": {
    "Agriculture": 288417.0,
    "Animals": 497443.0,
    "Biology": 0.0,
    "Environment": 191793.0,
    "Food": 30029.0,
    "Human": 72503.0,
    "Viticulture": 0.0
  },
  "f203": {
    "Agriculture": 0.0,
    "Animals": 0.0,
    "Biology": 0.0,
    "Environment": 0.0,
    "Food": 0.0,
    "Human": 0.0,
    "Viticulture": 0.0
  },
  "f204": {
    "Agriculture": 8336861.0,
    "Animals": 311268.0,
    "Biology": 0.0,
    "Environment": 3776458.0,
    "Food": 1738306.0,
    "Human": 0.0,
    "Viticulture": 0.0
  },
  "f205": {
    "Agriculture": 0.0,
    "Animals": 0.0,
    "Biology": 0.0,
    "Environment": 0.0,
    "Food": 0.0,
    "Human": 0.0,
    "Viticulture": 0.0
  },
  "f219": {
    "Agriculture": 7701265.0199999996,
    "Animals": 918055.9399999996,
    "Biology": 139456.74,
    "Environment": 4364778.0699999919,
    "Food": 2644044.6999999997,
    "Human": 9836.28,
    "Viticulture": 762493.4399999999
  },
  "f209": {
    "Agriculture": 6934202.0,
    "Animals": 266624.0,
    "Biology": 1202950.0,
    "Environment": 3452036.0,
    "Food": 24109.0,
    "Human": 197508.0,
    "Viticulture": 0.0
  },
  "f310": {
    "Agriculture": 2200518.0,
    "Animals": 98550.0,
    "Biology": 269991.0,
    "Environment": 805943.0,
    "Food": 0.0,
    "Human": 0.0,
    "Viticulture": 0.0
  },
  "f308": {
    "Agriculture": 8201969.1000000052,
    "Animals": 518473.8799999999,
    "Biology": 0.0,
    "Environment": 141796.1,
    "Food": 264617.03,
    "Human": 0.0,
    "Viticulture": 13150.47
  },
  "f311": {
    "Agriculture": 190505.0,
    "Animals": 0.0,
    "Biology": 22181.0,
    "Environment": 110500.0,
    "Food": 0.0,
    "Human": 0.0,
    "Viticulture": 0.0
  },
  "f316": {
    "Agriculture": 625769.0,
    "Animals": 82439.0,
    "Biology": 2852396.0,
    "Environment": 3612306.0,
    "Food": 1483439.0,
    "Human": 427932.0,
    "Viticulture": 5630.0
  },
  "f312": {
    "Agriculture": 0.0,
    "Animals": 0.0,
    "Biology": 0.0,
    "Environment": 0.0,
    "Food": 0.0,
    "Human": 0.0,
    "Viticulture": 0.0
  },
  "f313": {
    "Agriculture": 0.0,
    "Animals": 0.0,
    "Biology": 0.0,
    "Environment": 0.0,
    "Food": 0.0,
    "Human": 0.0,
    "Viticulture": 0.0
  },
  "f314": {
    "Agriculture": 0.0,
    "Animals": 0.0,
    "Biology": 768276.0,
    "Environment": 285353.0,
    "Food": 0.0,
    "Human": 0.0,
    "Viticulture": 0.0
  },
  "f315": {
    "Agriculture": 0.0,
    "Animals": 0.0,
    "Biology": 0.0,
    "Environment": 0.0,
    "Food": 0.0,
    "Human": 0.0,
    "Viticulture": 0.0
  },
  "f318": {
    "Agriculture": 1084717.0,
    "Animals": 316861.0,
    "Biology": 12298.0,
    "Environment": 3439695.0,
    "Food": 935.0,
    "Human": 260755.0,
    "Viticulture": 0.0
  },
  "f220": {
    "Agriculture": 26376546.5299999937,
    "Animals": 7736238.6799999969,
    "Biology": 3400725.6599999992,
    "Environment": 19455385.4600000046,
    "Food": 5158637.0899999989,
    "Human": 3128078.4499999997,
    "Viticulture": 3229956.7200000007
  },
  "f22F": {
    "Agriculture": 892703.0,
    "Animals": 3174.0,
    "Biology": 0.0,
    "Environment": 67422.0,
    "Food": 0.0,
    "Human": 0.0,
    "Viticulture": 44435.0
  },
  "f221": {
    "Agriculture": 6836836.4500000011,
    "Animals": 2756788.5500000003,
    "Biology": 141150.4,
    "Environment": 821068.05,
    "Food": 788771.37,
    "Human": 87925.51,
    "Viticulture": 269837.0999999999
  },
  "f222": {
    "Agriculture": 11653713.4800000042,
    "Animals": 436821.7899999998,
    "Biology": 64884.92,
    "Environment": 1927644.7399999981,
    "Food": 5968814.1399999997,
    "Human": 286519.3599999998,
    "Viticulture": 1989243.95
  },
  "f223": {
    "Agriculture": 6990664.3299999936,
    "Animals": 1502095.2,
    "Biology": 369767.39,
    "Environment": 4168521.6499999999,
    "Food": 2183977.8499999996,
    "Human": 240751.3,
    "Viticulture": 1967402.23
  }
}
