{
  "f201": {
    "ARE": 118614.0,
    "ASC": 197084.0,
    "BAE": 102751.0,
    "ENM": 162230.0,
    "ESP": 42321.0,
    "ETX": 70749.0,
    "EVE": 67244.0,
    "FST": 87323.0,
    "HCE": 82584.0,
    "LAW": 164470.0,
    "MCB": 46619.0,
    "MIC": 18238.0,
    "NPB": 14732.0,
    "NTR": 66300.0,
    "PLB": 37751.0,
    "PLS": 443446.0,
    "PPA": 108406.0,
    "TXC": 17880.0,
    "VIT": 91277.0,
    "WFB": 43563.0
  },
  "f202": {
    "ARE": 46705.0,
    "ASC": 497443.0,
    "BAE": 111943.0,
    "ENM": 61342.0,
    "ESP": 0.0,
    "ETX": 21721.0,
    "EVE": 0.0,
    "FST": 30029.0,
    "HCE": 27933.0,
    "LAW": 108730.0,
    "MCB": 0.0,
    "MIC": 0.0,
    "NPB": 0.0,
    "NTR": 0.0,
    "PLB": 0.0,
    "PLS": 91992.0,
    "PPA": 37777.0,
    "TXC": 44570.0,
    "VIT": 0.0,
    "WFB": 0.0
  },
  "f203": {
    "ARE": 0.0,
    "ASC": 0.0,
    "BAE": 0.0,
    "ENM": 0.0,
    "ESP": 0.0,
    "ETX": 0.0,
    "EVE": 0.0,
    "FST": 0.0,
    "HCE": 0.0,
    "LAW": 0.0,
    "MCB": 0.0,
    "MIC": 0.0,
    "NPB": 0.0,
    "NTR": 0.0,
    "PLB": 0.0,
    "PLS": 0.0,
    "PPA": 0.0,
    "TXC": 0.0,
    "VIT": 0.0,
    "WFB": 0.0
  },
  "f204": {
    "ARE": 0.0,
    "ASC": 311268.0,
    "BAE": 1668245.0,
    "ENM": 796243.0,
    "ESP": 40344.0,
    "ETX": 1993381.0,
    "EVE": 0.0,
    "FST": 1096984.0,
    "HCE": 0.0,
    "LAW": 944159.0,
    "MCB": 0.0,
    "MIC": 0.0,
    "NPB": 0.0,
    "NTR": 641322.0,
    "PLB": 239271.0,
    "PLS": 3616446.0,
    "PPA": 2812899.0,
    "TXC": 0.0,
    "VIT": 0.0,
    "WFB": 2331.0
  },
  "f205": {
    "ARE": 0.0,
    "ASC": 0.0,
    "BAE": 0.0,
    "ENM": 0.0,
    "ESP": 0.0,
    "ETX": 0.0,
    "EVE": 0.0,
    "FST": 0.0,
    "HCE": 0.0,
    "LAW": 0.0,
    "MCB": 0.0,
    "MIC": 0.0,
    "NPB": 0.0,
    "NTR": 0.0,
    "PLB": 0.0,
    "PLS": 0.0,
    "PPA": 0.0,
    "TXC": 0.0,
    "VIT": 0.0,
    "WFB": 0.0
  },
  "f231": {
    "ARE": 165319.0,
    "ASC": 1005795.0,
    "BAE": 1882939.0,
    "ENM": 1019815.0,
    "ESP": 82665.0,
    "ETX": 2085851.0,
    "EVE": 67244.0,
    "FST": 1214336.0,
    "HCE": 110517.0,
    "LAW": 1217359.0,
    "MCB": 46619.0,
    "MIC": 18238.0,
    "NPB": 14732.0,
    "NTR": 707622.0,
    "PLB": 277022.0,
    "PLS": 4151884.0,
    "PPA": 2959082.0,
    "TXC": 62450.0,
    "VIT": 91277.0,
    "WFB": 45894.0
  },
  "f219": {
    "ARE": 673303.22,
    "ASC": 918055.9399999996,
    "BAE": 470735.6899999999,
    "ENM": 2280171.5500000003,
    "ESP": 787009.3400000003,
    "ETX": 278983.71,
    "EVE": 139456.74,
    "FST": 747304.8600000002,
    "HCE": 9836.28,
    "LAW": 969787.3399999996,
    "MCB": 0.0,
    "MIC": 0.0,
    "NPB": 0.0,
    "NTR": 1896739.8399999999,
    "PLB": 0.0,
    "PLS": 3569989.5799999987,
    "PPA": 2987236.5300000003,
    "TXC": 0.0,
    "VIT": 762493.4399999999,
    "WFB": 48826.13
  },
  "f209": {
    "ARE": 262.0,
    "ASC": 266624.0,
    "BAE": 267717.0,
    "ENM": 1087708.0,
    "ESP": 1116680.0,
    "ETX": 123385.0,
    "EVE": 497780.0,
    "FST": 24109.0,
    "HCE": 197508.0,
    "LAW": 1051869.0,
    "MCB": 239175.0,
    "MIC": 301267.0,
    "NPB": 164728.0,
    "NTR": 0.0,
    "PLB": 2339019.0,
    "PLS": 3331749.0,
    "PPA": 995455.0,
    "TXC": 0.0,
    "VIT": 0.0,
    "WFB": 72394.0
  },
  "f310": {
    "ARE": 0.0,
    "ASC": 98550.0,
    "BAE": 21998.0,
    "ENM": 0.0,
    "ESP": 0.0,
    "ETX": 111021.0,
    "EVE": 0.0,
    "FST": 0.0,
    "HCE": 0.0,
    "LAW": 694922.0,
    "MCB": 269991.0,
    "MIC": 0.0,
    "NPB": 0.0,
    "NTR": 0.0,
    "PLB": 0.0,
    "PLS": 1200006.0,
    "PPA": 978514.0,
    "TXC": 0.0,
    "VIT": 0.0,
    "WFB": 0.0
  },
  "f308": {
    "ARE": 5347896.9199999999,
    "ASC": 518473.8799999999,
    "BAE": 0.0,
    "ENM": 0.0,
    "ESP": 0.0,
    "ETX": 0.0,
    "EVE": 0.0,
    "FST": 0.0,
    "HCE": 0.0,
    "LAW": 141796.1,
    "MCB": 0.0,
    "MIC": 0.0,
    "NPB": 0.0,
    "NTR": 264617.03,
    "PLB": 0.0,
    "PLS": 1091586.72,
    "PPA": 1762485.4600000002,
    "TXC": 0.0,
    "VIT": 13150.47,
    "WFB": 0.0
  },
  "f311": {
    "ARE": 0.0,
    "ASC": 0.0,
    "BAE": 0.0,
    "ENM": 73654.0,
    "ESP": 9861.0,
    "ETX": 0.0,
    "EVE": 0.0,
    "FST": 0.0,
    "HCE": 0.0,
    "LAW": 0.0,
    "MCB": 22181.0,
    "MIC": 0.0,
    "NPB": 0.0,
    "NTR": 0.0,
    "PLB": 0.0,
    "PLS": 0.0,
    "PPA": 190505.0,
    "TXC": 0.0,
    "VIT": 0.0,
    "WFB": 26985.0
  },
  "f316": {
    "ARE": 0.0,
    "ASC": 82439.0,
    "BAE": 0.0,
    "ENM": 3064205.0,
    "ESP": 0.0,
    "ETX": 530625.0,
    "EVE": 1141192.0,
    "FST": 534614.0,
    "HCE": 414006.0,
    "LAW": 17476.0,
    "MCB": 1073539.0,
    "MIC": 0.0,
    "NPB": 637665.0,
    "NTR": 948825.0,
    "PLB": 290489.0,
    "PLS": 12470.0,
    "PPA": 322810.0,
    "TXC": 13926.0,
    "VIT": 5630.0,
    "WFB": 0.0
  },
  "f312": {
    "ARE": 0.0,
    "ASC": 0.0,
    "BAE": 0.0,
    "ENM": 0.0,
    "ESP": 0.0,
    "ETX": 0.0,
    "EVE": 0.0,
    "FST": 0.0,
    "HCE": 0.0,
    "LAW": 0.0,
    "MCB": 0.0,
    "MIC": 0.0,
    "NPB": 0.0,
    "NTR": 0.0,
    "PLB": 0.0,
    "PLS": 0.0,
    "PPA": 0.0,
    "TXC": 0.0,
    "VIT": 0.0,
    "WFB": 0.0
  },
  "f313": {
    "ARE": 0.0,
    "ASC": 0.0,
    "BAE": 0.0,
    "ENM": 0.0,
    "ESP": 0.0,
    "ETX": 0.0,
    "EVE": 0.0,
    "FST": 0.0,
    "HCE": 0.0,
    "LAW": 0.0,
    "MCB": 0.0,
    "MIC": 0.0,
    "NPB": 0.0,
    "NTR": 0.0,
    "PLB": 0.0,
    "PLS": 0.0,
    "PPA": 0.0,
    "TXC": 0.0,
    "VIT": 0.0,
    "WFB": 0.0
  },
  "f314": {
    "ARE": 0.0,
    "ASC": 0.0,
    "BAE": 0.0,
    "ENM": 0.0,
    "ESP": 0.0,
    "ETX": 0.0,
    "EVE": 0.0,
    "FST": 0.0,
    "HCE": 0.0,
    "LAW": 285353.0,
    "MCB": 0.0,
    "MIC": 0.0,
    "NPB": 768276.0,
    "NTR": 0.0,
    "PLB": 0.0,
    "PLS": 0.0,
    "PPA": 0.0,
    "TXC": 0.0,
    "VIT": 0.0,
    "WFB": 0.0
  },
  "f315": {
    "ARE": 0.0,
    "ASC": 0.0,
    "BAE": 0.0,
    "ENM": 0.0,
    "ESP": 0.0,
    "ETX": 0.0,
    "EVE": 0.0,
    "FST": 0.0,
    "HCE": 0.0,
    "LAW": 0.0,
    "MCB": 0.0,
    "MIC": 0.0,
    "NPB": 0.0,
    "NTR": 0.0,
    "PLB": 0.0,
    "PLS": 0.0,
    "PPA": 0.0,
    "TXC": 0.0,
    "VIT": 0.0,
    "WFB": 0.0
  },
  "f318": {
    "ARE": 54446.0,
    "ASC": 316861.0,
    "BAE": 1022832.0,
    "ENM": 83990.0,
    "ESP": 913685.0,
    "ETX": 1076351.0,
    "EVE": 12298.0,
    "FST": 935.0,
    "HCE": 260755.0,
    "LAW": 606362.0,
    "MCB": 0.0,
    "MIC": 0.0,
    "NPB": 0.0,
    "NTR": 0.0,
    "PLB": 0.0,
    "PLS": 6205.0,
    "PPA": 1234.0,
    "TXC": 0.0,
    "VIT": 0.0,
    "WFB": 759307.0
  },
  "f332": {
    "ARE": 6075908.1400000006,
    "ASC": 2201003.8200000012,
    "BAE": 1783282.6899999999,
    "ENM": 6589728.549999997,
    "ESP": 2827235.3399999994,
    "ETX": 2120365.71,
    "EVE": 1790726.74,
    "FST": 1306962.8599999999,
    "HCE": 882105.28,
    "LAW": 3767565.439999999,
    "MCB": 1604886.0,
    "MIC": 301267.0,
    "NPB": 1570669.0,
    "NTR": 3110181.8700000001,
    "PLB": 2629508.0,
    "PLS": 9212006.3000000101,
    "PPA": 7238239.9900000012,
    "TXC": 13926.0,
    "VIT": 781273.91,
    "WFB": 907512.1300000001
  },
  "f220": {
    "ARE": 4037386.2299999991,
    "ASC": 7736238.6799999969,
    "BAE": 3082284.0999999996,
    "ENM": 3355367.4400000004,
    "ESP": 2520438.52,
    "ETX": 1854511.2299999997,
    "EVE": 1595885.6599999999,
    "FST": 3372363.8300000001,
    "HCE": 2615703.1399999997,
    "LAW": 6395737.2499999991,
    "MCB": 1056809.8200000001,
    "MIC": 332521.6,
    "NPB": 415508.58,
    "NTR": 1786273.26,
    "PLB": 615541.63,
    "PLS": 13474768.6800000072,
    "PPA": 5166565.8900000006,
    "TXC": 512375.3099999999,
    "VIT": 3229956.7200000007,
    "WFB": 5329331.0199999996
  },
  "f22F": {
    "ARE": 0.0,
    "ASC": 3174.0,
    "BAE": 0.0,
    "ENM": 26257.0,
    "ESP": 0.0,
    "ETX": 0.0,
    "EVE": 0.0,
    "FST": 0.0,
    "HCE": 0.0,
    "LAW": 41165.0,
    "MCB": 0.0,
    "MIC": 0.0,
    "NPB": 0.0,
    "NTR": 0.0,
    "PLB": 0.0,
    "PLS": 699141.0,
    "PPA": 193562.0,
    "TXC": 0.0,